{
        "statuses": [
                {
                        "created_at": "Sun Feb 25 18:11:01 +0000 2018",
                        "id": 967824267948773377,
                        "id_str": "967824267948773377",
                        "text": "Spider-Man has its own version of Twitter, and it feels like magical time travel to a previous era when Twitter was good.",
                        "truncated": true,
                        "entities": {
                                "hashtags": [],
                                "symbols": [],
                                "user_mentions": [],
                                "urls": [
                                        {
                                                "url": "https://t.co/FjPEWnh804",
                                                "expanded_url": "https://twitter.com/i/web/status/967824267948773377",
                                                "display_url": "twitter.com/i/web/status/9…",
                                                "indices": [
                                                        117,
                                                        140
                                                ]
                                        }
                                ]
                        },
                        "metadata": {
                                "result_type": "popular",
                                "iso_language_code": "en"
                        },
                        "source": "<a href=\"https://www.sprinklr.com\" rel=\"nofollow\">Sprinklr</a>",
                        "in_reply_to_status_id": null,
                        "in_reply_to_status_id_str": null,
                        "in_reply_to_user_id": null,
                        "in_reply_to_user_id_str": null,
                        "in_reply_to_screen_name": null,
                        "user": {
                                "id": 11348282,
                                "id_str": "11348282",
                                "name": "Polygon",
                                "screen_name": "Polygon",
                                "location": "",
                                "protected": false,
                                "followers_count": 28605561,
                                "friends_count": 270,
                                "listed_count": 90405,
                                "created_at": "Wed Dec 19 20:20:32 +0000 2007",
                                "favourites_count": 2960,
                                "utc_offset": -18000,
                                "time_zone": "Eastern Time (US & Canada)",
                                "geo_enabled": false,
                                "verified": true,
                                "statuses_count": 50713,
                                "lang": "en",
                                "contributors_enabled": false,
                                "is_translator": false,
                                "is_translation_enabled": false,
                                "profile_background_color": "000000",
                                "profile_background_image_url": "http://pbs.twimg.com/profile_background_images/590922434682880000/3byPYvqe.jpg",
                                "profile_background_image_url_https": "https://pbs.twimg.com/profile_background_images/590922434682880000/3byPYvqe.jpg",
                                "profile_background_tile": false,
                                "profile_image_url": "http://pbs.twimg.com/profile_images/188302352/nasalogo_twitter_normal.jpg",
                                "profile_image_url_https": "https://pbs.twimg.com/profile_images/188302352/nasalogo_twitter_normal.jpg",
                                "profile_banner_url": "https://pbs.twimg.com/profile_banners/11348282/1518798395",
                                "profile_link_color": "205BA7",
                                "profile_sidebar_border_color": "000000",
                                "profile_sidebar_fill_color": "F3F2F2",
                                "profile_text_color": "000000",
                                "profile_use_background_image": true,
                                "has_extended_profile": true,
                                "default_profile": false,
                                "default_profile_image": false,
                                "following": null,
                                "follow_request_sent": null,
                                "notifications": null,
                                "translator_type": "regular"
                        },
                        "geo": null,
                        "coordinates": null,
                        "place": null,
                        "contributors": null,
                        "is_quote_status": false,
                        "retweet_count": 988,
                        "favorite_count": 3875,
                        "favorited": false,
                        "retweeted": false,
                        "possibly_sensitive": false,
                        "lang": "en"
                },
                {
                        "created_at": "Sun Feb 25 19:31:07 +0000 2018",
                        "id": 967844427480911872,
                        "id_str": "967844427480911872",
                        "text": "Busan, Overwatch’s newest control map, joins the live rotation of maps.",
                        "truncated": true,
                        "entities": {
                                "hashtags": [],
                                "symbols": [],
                                "user_mentions": [],
                                "urls": [
                                        {
                                                "url": "https://t.co/29dZgga54m",
                                                "expanded_url": "https://twitter.com/i/web/status/967844427480911872",
                                                "display_url": "twitter.com/i/web/status/9…",
                                                "indices": [
                                                        117,
                                                        140
                                                ]
                                        }
                                ]
                        },
                        "metadata": {
                                "result_type": "popular",
                                "iso_language_code": "en"
                        },
                        "source": "<a href=\"https://www.sprinklr.com\" rel=\"nofollow\">Sprinklr</a>",
                        "in_reply_to_status_id": null,
                        "in_reply_to_status_id_str": null,
                        "in_reply_to_user_id": null,
                        "in_reply_to_user_id_str": null,
                        "in_reply_to_screen_name": null,
                        "user": {
                                "id": 11348282,
                                "id_str": "11348282",
                                "name": "Polygon",
                                "location": "",
                                "description": "Explore the universe and discover our home planet with @NASA. We usually post in EST (UTC-5)",
                                "url": "https://t.co/TcEE6NS8nD",
                                "entities": {
                                        "url": {
                                                "urls": [
                                                        {
                                                                "url": "https://t.co/TcEE6NS8nD",
                                                                "expanded_url": "http://www.nasa.gov",
                                                                "display_url": "nasa.gov",
                                                                "indices": [
                                                                        0,
                                                                        23
                                                                ]
                                                        }
                                                ]
                                        },
                                        "description": {
                                                "urls": []
                                        }
                                },
                                "protected": false,
                                "followers_count": 28605561,
                                "friends_count": 270,
                                "listed_count": 90405,
                                "created_at": "Wed Dec 19 20:20:32 +0000 2007",
                                "favourites_count": 2960,
                                "utc_offset": -18000,
                                "time_zone": "Eastern Time (US & Canada)",
                                "geo_enabled": false,
                                "verified": true,
                                "statuses_count": 50713,
                                "lang": "en",
                                "contributors_enabled": false,
                                "is_translator": false,
                                "is_translation_enabled": false,
                                "profile_background_color": "000000",
                                "profile_background_image_url": "http://pbs.twimg.com/profile_background_images/590922434682880000/3byPYvqe.jpg",
                                "profile_background_image_url_https": "https://pbs.twimg.com/profile_background_images/590922434682880000/3byPYvqe.jpg",
                                "profile_background_tile": false,
                                "profile_image_url": "http://pbs.twimg.com/profile_images/188302352/nasalogo_twitter_normal.jpg",
                                "profile_image_url_https": "https://pbs.twimg.com/profile_images/188302352/nasalogo_twitter_normal.jpg",
                                "profile_banner_url": "https://pbs.twimg.com/profile_banners/11348282/1518798395",
                                "profile_link_color": "205BA7",
                                "profile_sidebar_border_color": "000000",
                                "profile_sidebar_fill_color": "F3F2F2",
                                "profile_text_color": "000000",
                                "profile_use_background_image": true,
                                "has_extended_profile": true,
                                "default_profile": false,
                                "default_profile_image": false,
                                "following": null,
                                "follow_request_sent": null,
                                "notifications": null,
                                "translator_type": "regular"
                        },
                        "geo": null,
                        "coordinates": null,
                        "place": null,
                        "contributors": null,
                        "is_quote_status": false,
                        "retweet_count": 2654,
                        "favorite_count": 7962,
                        "favorited": false,
                        "retweeted": false,
                        "possibly_sensitive": false,
                        "lang": "en"
                },
                {
                        "created_at": "Mon Feb 26 19:21:43 +0000 2018",
                        "id": 968204446625869827,
                        "id_str": "968204446625869827",
                        "text": "Catch up with Assassins Creed and Battlefield series at Microsoft’s weekly digital games sale",
                        "truncated": true,
                        "entities": {
                                "hashtags": [],
                                "symbols": [],
                                "user_mentions": [],
                                "urls": [
                                        {
                                                "url": "https://t.co/SUX30Y45mr",
                                                "expanded_url": "https://twitter.com/i/web/status/968204446625869827",
                                                "display_url": "twitter.com/i/web/status/9…",
                                                "indices": [
                                                        117,
                                                        140
                                                ]
                                        }
                                ]
                        },
                        "metadata": {
                                "result_type": "popular",
                                "iso_language_code": "en"
                        },
                        "source": "<a href=\"https://www.sprinklr.com\" rel=\"nofollow\">Sprinklr</a>",
                        "in_reply_to_status_id": null,
                        "in_reply_to_status_id_str": null,
                        "in_reply_to_user_id": null,
                        "in_reply_to_user_id_str": null,
                        "in_reply_to_screen_name": null,
                        "user": {
                                "id": 11348282,
                                "id_str": "11348282",
                                "name": "Polygon",
                                "location": "",
                                "description": "Explore the universe and discover our home planet with @NASA. We usually post in EST (UTC-5)",
                                "url": "https://t.co/TcEE6NS8nD",
                                "entities": {
                                        "url": {
                                                "urls": [
                                                        {
                                                                "url": "https://t.co/TcEE6NS8nD",
                                                                "expanded_url": "http://www.nasa.gov",
                                                                "display_url": "nasa.gov",
                                                                "indices": [
                                                                        0,
                                                                        23
                                                                ]
                                                        }
                                                ]
                                        },
                                        "description": {
                                                "urls": []
                                        }
                                },
                                "protected": false,
                                "followers_count": 28605561,
                                "friends_count": 270,
                                "listed_count": 90405,
                                "created_at": "Wed Dec 19 20:20:32 +0000 2007",
                                "favourites_count": 2960,
                                "utc_offset": -18000,
                                "time_zone": "Eastern Time (US & Canada)",
                                "geo_enabled": false,
                                "verified": true,
                                "statuses_count": 50713,
                                "lang": "en",
                                "contributors_enabled": false,
                                "is_translator": false,
                                "is_translation_enabled": false,
                                "profile_background_color": "000000",
                                "profile_background_image_url": "http://pbs.twimg.com/profile_background_images/590922434682880000/3byPYvqe.jpg",
                                "profile_background_image_url_https": "https://pbs.twimg.com/profile_background_images/590922434682880000/3byPYvqe.jpg",
                                "profile_background_tile": false,
                                "profile_image_url": "http://pbs.twimg.com/profile_images/188302352/nasalogo_twitter_normal.jpg",
                                "profile_image_url_https": "https://pbs.twimg.com/profile_images/188302352/nasalogo_twitter_normal.jpg",
                                "profile_banner_url": "https://pbs.twimg.com/profile_banners/11348282/1518798395",
                                "profile_link_color": "205BA7",
                                "profile_sidebar_border_color": "000000",
                                "profile_sidebar_fill_color": "F3F2F2",
                                "profile_text_color": "000000",
                                "profile_use_background_image": true,
                                "has_extended_profile": true,
                                "default_profile": false,
                                "default_profile_image": false,
                                "following": null,
                                "follow_request_sent": null,
                                "notifications": null,
                                "translator_type": "regular"
                        },
                        "geo": null,
                        "coordinates": null,
                        "place": null,
                        "contributors": null,
                        "is_quote_status": false,
                        "retweet_count": 729,
                        "favorite_count": 2777,
                        "favorited": false,
                        "retweeted": false,
                        "possibly_sensitive": false,
                        "lang": "en"
                },
                {
                        "created_at": "Mon Feb 26 01:07:05 +0000 2018",
                        "id": 967928974960545793,
                        "id_str": "967928974960545793",
                        "text": "The first official American Horror Story crossover season premieres on Wednesday — but which characters have previously crossed seasons? How is it all connected?",
                        "truncated": true,
                        "entities": {
                                "hashtags": [],
                                "symbols": [],
                                "user_mentions": [],
                                "urls": [
                                        {
                                                "url": "https://t.co/vz4SnPupe2",
                                                "expanded_url": "https://twitter.com/i/web/status/967928974960545793",
                                                "display_url": "twitter.com/i/web/status/9…",
                                                "indices": [
                                                        116,
                                                        139
                                                ]
                                        }
                                ]
                        },
                        "metadata": {
                                "result_type": "popular",
                                "iso_language_code": "en"
                        },
                        "source": "<a href=\"https://studio.twitter.com\" rel=\"nofollow\">Media Studio</a>",
                        "in_reply_to_status_id": null,
                        "in_reply_to_status_id_str": null,
                        "in_reply_to_user_id": null,
                        "in_reply_to_user_id_str": null,
                        "in_reply_to_screen_name": null,
                        "user": {
                                "id": 19802879,
                                "id_str": "19802879",
                                "name": "NASA JPL",
                                "screen_name": "NASAJPL",
                                "location": "Pasadena, Calif.",
                                "description": "NASA Jet Propulsion Laboratory manages many of NASA's robotic missions exploring Earth, the solar system and our universe. Tweets from JPL's News Office.",
                                "url": "http://t.co/gcM9d1YLUB",
                                "entities": {
                                        "url": {
                                                "urls": [
                                                        {
                                                                "url": "http://t.co/gcM9d1YLUB",
                                                                "expanded_url": "http://www.jpl.nasa.gov",
                                                                "display_url": "jpl.nasa.gov",
                                                                "indices": [
                                                                        0,
                                                                        22
                                                                ]
                                                        }
                                                ]
                                        },
                                        "description": {
                                                "urls": []
                                        }
                                },
                                "protected": false,
                                "followers_count": 2566921,
                                "friends_count": 379,
                                "listed_count": 15065,
                                "created_at": "Sat Jan 31 03:19:43 +0000 2009",
                                "favourites_count": 1281,
                                "utc_offset": -32400,
                                "time_zone": "Alaska",
                                "geo_enabled": false,
                                "verified": true,
                                "statuses_count": 6328,
                                "lang": "en",
                                "contributors_enabled": false,
                                "is_translator": false,
                                "is_translation_enabled": false,
                                "profile_background_color": "0B090B",
                                "profile_background_image_url": "http://pbs.twimg.com/profile_background_images/8479565/twitter_jpl_bkg.009.jpg",
                                "profile_background_image_url_https": "https://pbs.twimg.com/profile_background_images/8479565/twitter_jpl_bkg.009.jpg",
                                "profile_background_tile": false,
                                "profile_image_url": "http://pbs.twimg.com/profile_images/2305452633/lg0hov3l8g4msxbdwv48_normal.jpeg",
                                "profile_image_url_https": "https://pbs.twimg.com/profile_images/2305452633/lg0hov3l8g4msxbdwv48_normal.jpeg",
                                "profile_banner_url": "https://pbs.twimg.com/profile_banners/19802879/1398298134",
                                "profile_link_color": "0D1787",
                                "profile_sidebar_border_color": "100F0E",
                                "profile_sidebar_fill_color": "74A6CD",
                                "profile_text_color": "0C0C0D",
                                "profile_use_background_image": true,
                                "has_extended_profile": false,
                                "default_profile": false,
                                "default_profile_image": false,
                                "following": null,
                                "follow_request_sent": null,
                                "notifications": null,
                                "translator_type": "none"
                        },
                        "geo": null,
                        "coordinates": null,
                        "place": null,
                        "contributors": null,
                        "is_quote_status": false,
                        "retweet_count": 325,
                        "favorite_count": 1280,
                        "favorited": false,
                        "retweeted": false,
                        "possibly_sensitive": false,
                        "lang": "en"
                },
                {
                        "created_at": "Mon Feb 26 01:07:05 +0000 2018",
                        "id": 967928974960545793,
                        "id_str": "967928974960545793",
                        "text": "After months of being the most powerful gun in the game, Fortnite’s drum gun has been vaulted",
                        "truncated": true,
                        "entities": {
                                "hashtags": [],
                                "symbols": [],
                                "user_mentions": [],
                                "urls": [
                                        {
                                                "url": "https://t.co/vz4SnPupe2",
                                                "expanded_url": "https://twitter.com/i/web/status/967928974960545793",
                                                "display_url": "twitter.com/i/web/status/9…",
                                                "indices": [
                                                        116,
                                                        139
                                                ]
                                        }
                                ]
                        },
                        "metadata": {
                                "result_type": "popular",
                                "iso_language_code": "en"
                        },
                        "source": "<a href=\"https://studio.twitter.com\" rel=\"nofollow\">Media Studio</a>",
                        "in_reply_to_status_id": null,
                        "in_reply_to_status_id_str": null,
                        "in_reply_to_user_id": null,
                        "in_reply_to_user_id_str": null,
                        "in_reply_to_screen_name": null,
                        "user": {
                                "id": 19802879,
                                "id_str": "19802879",
                                "name": "NASA JPL",
                                "screen_name": "NASAJPL",
                                "location": "Pasadena, Calif.",
                                "description": "NASA Jet Propulsion Laboratory manages many of NASA's robotic missions exploring Earth, the solar system and our universe. Tweets from JPL's News Office.",
                                "url": "http://t.co/gcM9d1YLUB",
                                "entities": {
                                        "url": {
                                                "urls": [
                                                        {
                                                                "url": "http://t.co/gcM9d1YLUB",
                                                                "expanded_url": "http://www.jpl.nasa.gov",
                                                                "display_url": "jpl.nasa.gov",
                                                                "indices": [
                                                                        0,
                                                                        22
                                                                ]
                                                        }
                                                ]
                                        },
                                        "description": {
                                                "urls": []
                                        }
                                },
                                "protected": false,
                                "followers_count": 2566921,
                                "friends_count": 379,
                                "listed_count": 15065,
                                "created_at": "Sat Jan 31 03:19:43 +0000 2009",
                                "favourites_count": 1281,
                                "utc_offset": -32400,
                                "time_zone": "Alaska",
                                "geo_enabled": false,
                                "verified": true,
                                "statuses_count": 6328,
                                "lang": "en",
                                "contributors_enabled": false,
                                "is_translator": false,
                                "is_translation_enabled": false,
                                "profile_background_color": "0B090B",
                                "profile_background_image_url": "http://pbs.twimg.com/profile_background_images/8479565/twitter_jpl_bkg.009.jpg",
                                "profile_background_image_url_https": "https://pbs.twimg.com/profile_background_images/8479565/twitter_jpl_bkg.009.jpg",
                                "profile_background_tile": false,
                                "profile_image_url": "http://pbs.twimg.com/profile_images/2305452633/lg0hov3l8g4msxbdwv48_normal.jpeg",
                                "profile_image_url_https": "https://pbs.twimg.com/profile_images/2305452633/lg0hov3l8g4msxbdwv48_normal.jpeg",
                                "profile_banner_url": "https://pbs.twimg.com/profile_banners/19802879/1398298134",
                                "profile_link_color": "0D1787",
                                "profile_sidebar_border_color": "100F0E",
                                "profile_sidebar_fill_color": "74A6CD",
                                "profile_text_color": "0C0C0D",
                                "profile_use_background_image": true,
                                "has_extended_profile": false,
                                "default_profile": false,
                                "default_profile_image": false,
                                "following": null,
                                "follow_request_sent": null,
                                "notifications": null,
                                "translator_type": "none"
                        },
                        "geo": null,
                        "coordinates": null,
                        "place": null,
                        "contributors": null,
                        "is_quote_status": false,
                        "retweet_count": 325,
                        "favorite_count": 1280,
                        "favorited": false,
                        "retweeted": false,
                        "possibly_sensitive": false,
                        "lang": "en"
                }
        ],
        "search_metadata": {
                "completed_in": 0.057,
                "max_id": 0,
                "max_id_str": "0",
                "next_results": "?max_id=967574182522482687&q=nasa&include_entities=1&result_type=popular",
                "query": "nasa",
                "count": 2,
                "since_id": 0,
                "since_id_str": "0"
        }
}